e929f1c5fbb2cd8e5c3f38ac6aea0e388d861923,164b60fca2b0dc66454457e5a7bd75be51eeeb8a
2320f01bfc96823b7b0a0700e78036008e0468c8,1d785567e6dc52c67293f46558cd39dfb5d48c2e
dcef17d235db92cc185edca4b9531383d6560dde,c4855fdb54ba4a7697747b4e25372d3fdf271330
9670984c7fc1412b777955c5fa3145a3e28c57cd,d50fa4d8c405c0fe2376e7c1a34d1dd5250c8348
6a5f8b4fed641f4a676ce66f338ca95d44fa38f7,f04162c2e1f201a321a3509be0388cf27b31bf0e
c20d24d8d12c0cec633f309b828087b7c11697eb,c2116640001aab397a3f92884c1eea9be46256cb
04192f932a35a4065d46f094f73182af738d3fe9,09e80212046bd1b036df777c8030aa425f3f0a8f
8d485d11389342bf127a14c92318efc6ffe78985,520ebb8a9c6df08bde558c127de43e2974d2203d
d4775700291d6825c46ee9f645ff66bb13b85340,38e4a2ddd179f4d914a01f88c76a7a6e103bae6a
54043e123e1b7215d0189d93fb5f91923d22face,69b5c19580ba58545ce0923ed34c1f26afc1318a
64ef8f16d0216620b2de8d7bfab5cd42855a6443,cf13d1cce0a4941562fed37444517bee86318728
